{
  "Map ID": 16.0,
  "Time between respawns of guards [sec]": 3600,
  "Setting up custom patrol routes for submarines/sharks/npcs": [
    {
      "Name of the submarine/shark/npc preset": "shark_default",
      "Enable [true/false]": false,
      "Ring route [true/false]": false,
      "List of points": [
        "(-368.82, -42.49, -1951.24)",
        "(-370.47, -42.88, -1945.99)",
        "(-372.10, -42.82, -1940.91)",
        "(-373.94, -42.48, -1935.68)",
        "(-375.75, -42.04, -1930.98)",
        "(-377.69, -41.51, -1926.15)",
        "(-379.67, -40.95, -1921.16)",
        "(-381.53, -40.28, -1915.90)",
        "(-383.19, -39.63, -1911.13)",
        "(-384.83, -39.00, -1906.41)",
        "(-386.48, -38.36, -1901.65)",
        "(-388.27, -37.80, -1896.76)",
        "(-390.09, -37.60, -1891.69)",
        "(-391.85, -37.81, -1886.70)",
        "(-393.78, -38.28, -1881.61)",
        "(-395.73, -38.80, -1876.49)",
        "(-397.51, -39.27, -1871.82)"
      ]
    },
    {
      "Name of the submarine/shark/npc preset": "shark_default",
      "Enable [true/false]": false,
      "Ring route [true/false]": false,
      "List of points": [
        "(-359.57, -42.05, -1772.40)",
        "(-362.56, -42.43, -1767.99)",
        "(-365.38, -42.56, -1763.76)",
        "(-368.16, -42.56, -1759.51)",
        "(-370.95, -42.49, -1755.05)",
        "(-373.65, -42.39, -1750.64)",
        "(-376.79, -42.29, -1745.51)",
        "(-379.55, -42.19, -1741.03)",
        "(-382.55, -42.06, -1736.69)",
        "(-386.08, -41.90, -1732.61)",
        "(-389.70, -41.76, -1728.73)",
        "(-393.39, -41.59, -1724.83)"
      ]
    },
    {
      "Name of the submarine/shark/npc preset": "shark_default",
      "Enable [true/false]": false,
      "Ring route [true/false]": false,
      "List of points": [
        "(-372.70, -45.51, -1711.30)",
        "(-378.47, -45.63, -1713.25)",
        "(-385.20, -45.36, -1715.40)",
        "(-390.05, -45.13, -1716.96)",
        "(-395.87, -44.78, -1718.82)",
        "(-401.03, -44.49, -1720.47)",
        "(-407.29, -44.23, -1722.48)",
        "(-412.68, -43.96, -1724.20)",
        "(-419.99, -43.58, -1726.54)",
        "(-428.20, -43.23, -1729.16)",
        "(-434.51, -42.89, -1731.07)",
        "(-442.08, -42.68, -1733.01)",
        "(-447.70, -42.52, -1734.26)",
        "(-452.80, -42.39, -1735.20)",
        "(-458.02, -42.21, -1736.10)",
        "(-463.45, -42.06, -1736.94)",
        "(-468.49, -41.93, -1737.71)",
        "(-475.03, -41.72, -1738.71)",
        "(-480.70, -41.56, -1739.58)",
        "(-485.83, -41.37, -1740.36)"
      ]
    },
    {
      "Name of the submarine/shark/npc preset": "shark_default",
      "Enable [true/false]": false,
      "Ring route [true/false]": false,
      "List of points": [
        "(-483.43, -39.75, -1786.01)",
        "(-482.18, -40.39, -1791.67)",
        "(-480.84, -40.84, -1797.63)",
        "(-479.64, -41.29, -1802.99)",
        "(-477.91, -41.44, -1811.19)",
        "(-476.83, -41.48, -1816.32)",
        "(-475.67, -41.52, -1821.88)",
        "(-474.32, -41.56, -1828.36)",
        "(-473.25, -41.58, -1833.49)",
        "(-471.77, -41.60, -1840.59)",
        "(-470.44, -41.61, -1846.90)",
        "(-469.39, -41.62, -1851.85)",
        "(-468.27, -41.62, -1856.98)",
        "(-467.16, -41.60, -1862.01)",
        "(-465.61, -41.56, -1868.90)",
        "(-464.31, -41.50, -1874.56)",
        "(-462.79, -41.42, -1881.09)",
        "(-461.61, -41.36, -1886.12)",
        "(-460.19, -41.26, -1892.19)",
        "(-459.03, -41.17, -1897.15)",
        "(-457.61, -41.10, -1903.19)",
        "(-456.46, -41.01, -1908.10)",
        "(-454.94, -40.92, -1914.61)",
        "(-453.70, -40.83, -1919.91)",
        "(-452.45, -40.81, -1925.07)"
      ]
    },
    {
      "Name of the submarine/shark/npc preset": "shark_default",
      "Enable [true/false]": false,
      "Ring route [true/false]": false,
      "List of points": [
        "(-446.12, -44.62, -1923.33)",
        "(-440.61, -44.93, -1921.31)",
        "(-435.46, -45.06, -1919.59)",
        "(-430.63, -45.12, -1917.98)",
        "(-425.58, -45.15, -1916.27)",
        "(-420.73, -45.19, -1914.60)",
        "(-414.75, -45.28, -1912.50)",
        "(-407.75, -45.40, -1910.04)",
        "(-402.29, -45.52, -1908.11)",
        "(-396.98, -45.62, -1906.25)",
        "(-391.79, -45.61, -1904.61)",
        "(-386.58, -45.53, -1903.04)",
        "(-380.93, -45.42, -1901.37)"
      ]
    },
    {
      "Name of the submarine/shark/npc preset": "shark_default",
      "Enable [true/false]": false,
      "Ring route [true/false]": false,
      "List of points": [
        "(-311.84, -39.26, -1994.31)",
        "(-310.79, -39.61, -1988.31)",
        "(-309.98, -39.51, -1982.93)",
        "(-309.10, -39.25, -1976.27)",
        "(-308.15, -38.82, -1969.04)",
        "(-307.19, -38.34, -1961.98)",
        "(-306.50, -37.83, -1956.89)",
        "(-305.92, -37.54, -1951.15)",
        "(-305.44, -37.37, -1943.22)",
        "(-305.10, -37.23, -1937.13)",
        "(-304.76, -37.14, -1930.89)",
        "(-304.43, -37.06, -1925.62)",
        "(-303.79, -37.08, -1920.46)",
        "(-302.74, -37.15, -1915.42)",
        "(-301.20, -37.25, -1909.65)",
        "(-299.22, -37.33, -1904.77)",
        "(-296.60, -37.40, -1899.49)",
        "(-294.04, -37.49, -1894.94)",
        "(-289.88, -37.64, -1889.23)",
        "(-286.34, -37.81, -1884.81)",
        "(-283.02, -37.93, -1880.94)",
        "(-279.42, -38.08, -1876.91)",
        "(-275.83, -38.24, -1873.05)"
      ]
    },
    {
      "Name of the submarine/shark/npc preset": "shark_default",
      "Enable [true/false]": false,
      "Ring route [true/false]": false,
      "List of points": [
        "(-306.24, -20.77, -1874.07)",
        "(-311.21, -21.49, -1875.51)",
        "(-316.10, -22.14, -1876.95)",
        "(-322.27, -22.78, -1878.80)",
        "(-327.11, -23.27, -1880.24)",
        "(-333.66, -23.89, -1882.20)",
        "(-338.57, -24.59, -1883.63)",
        "(-345.26, -25.08, -1885.33)",
        "(-350.53, -25.70, -1886.64)",
        "(-356.07, -26.06, -1888.13)",
        "(-361.95, -26.50, -1889.76)",
        "(-367.82, -26.94, -1891.40)",
        "(-373.80, -27.31, -1893.09)",
        "(-379.42, -27.77, -1894.71)",
        "(-385.28, -28.06, -1896.47)",
        "(-390.56, -28.44, -1898.08)",
        "(-397.36, -28.75, -1900.24)",
        "(-402.72, -29.11, -1901.95)",
        "(-408.09, -29.34, -1903.66)",
        "(-413.01, -29.65, -1905.23)",
        "(-419.75, -29.95, -1907.38)",
        "(-424.94, -30.28, -1909.04)",
        "(-432.31, -30.61, -1911.39)",
        "(-437.13, -30.92, -1912.93)",
        "(-441.91, -31.16, -1914.45)",
        "(-447.18, -31.47, -1916.14)",
        "(-452.49, -31.78, -1917.83)"
      ]
    },
    {
      "Name of the submarine/shark/npc preset": "shark_default",
      "Enable [true/false]": false,
      "Ring route [true/false]": false,
      "List of points": [
        "(-372.32, -42.74, -1954.31)",
        "(-373.16, -43.77, -1949.06)",
        "(-374.05, -44.65, -1943.91)",
        "(-375.02, -45.18, -1938.78)",
        "(-376.07, -45.49, -1933.37)",
        "(-377.41, -45.49, -1927.46)",
        "(-378.85, -45.10, -1922.54)",
        "(-380.34, -44.66, -1917.63)",
        "(-381.85, -44.28, -1912.85)",
        "(-383.45, -44.02, -1907.84)"
      ]
    },
    {
      "Name of the submarine/shark/npc preset": "shark_default",
      "Enable [true/false]": false,
      "Ring route [true/false]": false,
      "List of points": [
        "(-443.98, -46.30, -1737.52)",
        "(-442.13, -46.52, -1743.22)",
        "(-440.69, -46.65, -1748.02)",
        "(-439.00, -46.83, -1753.68)",
        "(-437.43, -47.00, -1758.93)",
        "(-435.53, -47.23, -1765.28)",
        "(-434.01, -47.43, -1770.21)",
        "(-431.99, -47.52, -1775.99)",
        "(-429.53, -47.61, -1782.98)",
        "(-427.80, -47.69, -1787.96)",
        "(-426.10, -47.64, -1793.12)",
        "(-424.45, -47.58, -1798.11)"
      ]
    },
    {
      "Name of the submarine/shark/npc preset": "shark_default",
      "Enable [true/false]": false,
      "Ring route [true/false]": false,
      "List of points": [
        "(-395.13, -45.16, -1828.45)",
        "(-394.16, -45.43, -1833.78)",
        "(-393.35, -45.67, -1839.37)",
        "(-392.70, -46.02, -1845.14)",
        "(-392.02, -46.34, -1850.57)",
        "(-390.28, -46.52, -1855.94)",
        "(-388.39, -46.62, -1860.71)",
        "(-386.46, -46.71, -1865.47)",
        "(-384.46, -46.80, -1870.38)",
        "(-382.51, -46.89, -1875.19)",
        "(-380.60, -47.09, -1880.03)"
      ]
    }
  ]
}