{
  "ID": "",
  "Enabled? [true/false]": true,
  "Position": "(1497.4, 27.3, 306.3)",
  "Rotation": "(0.0, 0.0, 0.0)",
  "Radius": 20.0,
  "Remove other NPCs? [true/false]": true,
  "Presets": [
    {
      "Enabled? [true/false]": true,
      "Minimum numbers - Day": 7,
      "Maximum numbers - Day": 9,
      "Minimum numbers - Night": 7,
      "Maximum numbers - Night": 9,
      "NPCs setting": {
        "Names": [
          "Sentry"
        ],
        "Health": 200.0,
        "Roam Range": 10.0,
        "Chase Range": 100.0,
        "Attack Range Multiplier": 1.0,
        "Sense Range": 50.0,
        "Target Memory Duration [sec.]": 10.0,
        "Scale damage": 2.0,
        "Aim Cone Scale": 1.0,
        "Detect the target only in the NPC's viewing vision cone? [true/false]": false,
        "Vision Cone": 135.0,
        "Speed": 7.5,
        "Minimum time of appearance after death (not used for Events) [sec.]": 600.0,
        "Maximum time of appearance after death (not used for Events) [sec.]": 900.0,
        "Disable radio effects? [true/false]": false,
        "Is this a stationary NPC? [true/false]": false,
        "Remove a corpse after death? (it is recommended to use the true value to improve performance) [true/false]": true,
        "Wear items": [
          {
            "ShortName": "riot.helmet",
            "SkinID (0 - default)": 840945904
          },
          {
            "ShortName": "hoodie",
            "SkinID (0 - default)": 1234693807
          },
          {
            "ShortName": "pants",
            "SkinID (0 - default)": 1234956405
          },
          {
            "ShortName": "shoes.boots",
            "SkinID (0 - default)": 1170428844
          },
          {
            "ShortName": "roadsign.jacket",
            "SkinID (0 - default)": 1740065674
          },
          {
            "ShortName": "roadsign.kilt",
            "SkinID (0 - default)": 1740068457
          },
          {
            "ShortName": "sunglasses",
            "SkinID (0 - default)": 0
          },
          {
            "ShortName": "santabeard",
            "SkinID (0 - default)": 0
          }
        ],
        "Belt items": [
          {
            "ShortName": "smg.mp5",
            "Amount": 1,
            "SkinID (0 - default)": 0,
            "Mods": [
              "weapon.mod.flashlight",
              "weapon.mod.holosight"
            ],
            "Ammo": ""
          },
          {
            "ShortName": "syringe.medical",
            "Amount": 3,
            "SkinID (0 - default)": 0,
            "Mods": [],
            "Ammo": ""
          }
        ],
        "Kits (it is recommended to use the previous 2 settings to improve performance)": []
      },
      "The amount of economics that is given for killing the NPC": {
        "Economics": 0.0,
        "Server Rewards (minimum 1)": 0,
        "IQEconomic (minimum 1)": 0
      },
      "Type of appearance (0 - random; 1 - own list) (not used for Road and Biome)": 1,
      "Own list of locations (not used for Road and Biome)": [
        "(0.1, 0.0, 0.0)",
        "(-8.3, 0.0, 6.3)",
        "(-11.0, -0.5, 19.9)",
        "(-20.5, -1.2, 26.5)",
        "(-24.6, -2.3, 36.2)",
        "(-42.4, -6.0, 54.1)",
        "(-57.7, -10.5, 89.1)",
        "(-78.0, -11.1, 101.3)",
        "(-82.5, -11.0, 112.1)",
        "(16.6, 0.0, -14.7)",
        "(25.4, -1.7, -42.5)",
        "(53.3, -6.2, -61.0)",
        "(59.9, -8.7, -80.1)",
        "(73.2, -10.4, -90.4)",
        "(84.9, -10.5, -102.7)",
        "(90.1, -10.7, -132.7)",
        "(103.2, -11.1, -130.7)"
      ],
      "If the NPC ends up below ocean sea level, should the NPC return to it's place of appearance? [true/false]": false,
      "Type of navigation grid (0 - used mainly on the island, 1 - used mainly under water or under land, as well as outside the map, can be used on some monuments)": 0,
      "The path to the crate that appears at the place of death (empty - not used)": "",
      "Which loot table should the plugin use? (0 - default; 1 - own; 2 - AlphaLoot; 3 - CustomLoot; 4 - loot table of the Rust objects; 5 - combine the 1 and 4 methods)": 4,
      "Loot table from prefabs (if the loot table type is 4 or 5)": {
        "Minimum numbers of prefabs": 1,
        "Maximum numbers of prefabs": 1,
        "Use minimum and maximum values? [true/false]": true,
        "List of prefabs": [
          {
            "Chance [0.0-100.0]": 100.0,
            "The path to the prefab": "assets/rust.ai/agents/npcplayer/humannpc/scientist/scientistnpc_oilrig.prefab"
          }
        ]
      },
      "Own loot table (if the loot table type is 1 or 5)": {
        "Minimum numbers of items": 1,
        "Maximum numbers of items": 1,
        "Use minimum and maximum values? [true/false]": true,
        "List of items": [
          {
            "ShortName": "scrap",
            "Minimum": 100,
            "Maximum": 200,
            "Chance [0.0-100.0]": 50.0,
            "Is this a blueprint? [true/false]": false,
            "SkinID (0 - default)": 0,
            "Name (empty - default)": ""
          }
        ]
      }
    }
  ]
}