{
  "ID": "",
  "Enabled? [true/false]": true,
  "Position": "(431.4, 67.9, 321.7)",
  "Rotation": "(0.0, 0.0, 0.0)",
  "Radius": 20.0,
  "Remove other NPCs? [true/false]": true,
  "Presets": [
    {
      "Enabled? [true/false]": true,
      "Minimum numbers - Day": 12,
      "Maximum numbers - Day": 14,
      "Minimum numbers - Night": 11,
      "Maximum numbers - Night": 12,
      "NPCs setting": {
        "Names": [
          "GasMan"
        ],
        "Health": 200.0,
        "Roam Range": 10.0,
        "Chase Range": 100.0,
        "Attack Range Multiplier": 1.0,
        "Sense Range": 50.0,
        "Target Memory Duration [sec.]": 10.0,
        "Scale damage": 2.0,
        "Aim Cone Scale": 1.0,
        "Detect the target only in the NPC's viewing vision cone? [true/false]": false,
        "Vision Cone": 135.0,
        "Speed": 7.5,
        "Minimum time of appearance after death (not used for Events) [sec.]": 600.0,
        "Maximum time of appearance after death (not used for Events) [sec.]": 900.0,
        "Disable radio effects? [true/false]": false,
        "Is this a stationary NPC? [true/false]": false,
        "Remove a corpse after death? (it is recommended to use the true value to improve performance) [true/false]": true,
        "Wear items": [
          {
            "ShortName": "coffeecan.helmet",
            "SkinID (0 - default)": 1740061403
          },
          {
            "ShortName": "hoodie",
            "SkinID (0 - default)": 1160417818
          },
          {
            "ShortName": "pants",
            "SkinID (0 - default)": 1160416780
          },
          {
            "ShortName": "shoes.boots",
            "SkinID (0 - default)": 1227235647
          },
          {
            "ShortName": "roadsign.jacket",
            "SkinID (0 - default)": 1740065674
          },
          {
            "ShortName": "roadsign.kilt",
            "SkinID (0 - default)": 1740068457
          },
          {
            "ShortName": "sunglasses",
            "SkinID (0 - default)": 0
          },
          {
            "ShortName": "santabeard",
            "SkinID (0 - default)": 0
          }
        ],
        "Belt items": [
          {
            "ShortName": "shotgun.pump",
            "Amount": 1,
            "SkinID (0 - default)": 0,
            "Mods": [
              "weapon.mod.flashlight"
            ],
            "Ammo": ""
          },
          {
            "ShortName": "pistol.m92",
            "Amount": 1,
            "SkinID (0 - default)": 0,
            "Mods": [],
            "Ammo": ""
          },
          {
            "ShortName": "syringe.medical",
            "Amount": 10,
            "SkinID (0 - default)": 0,
            "Mods": [],
            "Ammo": ""
          }
        ],
        "Kits (it is recommended to use the previous 2 settings to improve performance)": []
      },
      "The amount of economics that is given for killing the NPC": {
        "Economics": 0.0,
        "Server Rewards (minimum 1)": 0,
        "IQEconomic (minimum 1)": 0
      },
      "Type of appearance (0 - random; 1 - own list) (not used for Road and Biome)": 1,
      "Own list of locations (not used for Road and Biome)": [
        "(-0.3, 0.0, -0.1)",
        "(-14.1, 0.0, -15.9)",
        "(-21.9, 0.0, 0.0)",
        "(-4.3, 0.0, 16.9)",
        "(20.9, 0.1, 23.3)",
        "(45.0, 0.0, 8.2)",
        "(61.4, -0.1, -21.0)",
        "(50.2, 0.0, -32.0)",
        "(29.1, 0.2, -45.7)",
        "(11.2, 0.0, -66.8)",
        "(-30.2, 0.2, -49.6)",
        "(-42.9, 0.2, -24.6)",
        "(-57.7, 0.2, 2.0)",
        "(-47.4, 0.1, 13.4)",
        "(-42.4, 0.1, 40.8)",
        "(-7.0, 0.0, -15.5)",
        "(-7.5, 0.0, -58.0)",
        "(-28.8, 0.1, -81.5)",
        "(-18.4, 0.2, -91.0)",
        "(-13.9, 0.2, -99.7)",
        "(-8.2, 0.0, -119.2)",
        "(-2.6, -0.2, -135.5)",
        "(6.4, -0.6, -154.0)",
        "(13.9, 0.2, -185.6)",
        "(4.1, 1.6, -218.5)",
        "(9.7, 2.0, -232.7)",
        "(7.0, 0.7, -260.4)",
        "(-4.6, 0.4, -287.5)",
        "(18.1, 0.4, -284.0)",
        "(10.8, 0.4, -294.0)",
        "(24.3, 0.3, -301.6)",
        "(15.3, 0.0, -322.3)",
        "(22.4, 28.1, -261.3)",
        "(31.8, 28.0, -268.1)",
        "(-97.9, 0.2, -277.4)",
        "(-57.6, 0.3, -248.3)",
        "(-47.5, 0.4, -219.4)",
        "(-43.4, 0.1, -178.4)",
        "(-50.7, 0.2, -154.3)",
        "(-64.1, 0.4, -136.1)",
        "(-107.3, 0.2, -110.4)",
        "(-131.6, 0.2, -105.6)",
        "(-155.0, 0.3, -118.4)",
        "(-186.6, 0.2, -143.6)",
        "(-217.6, 0.2, -165.2)",
        "(-241.7, 0.4, -189.1)",
        "(-245.1, -0.1, -209.6)",
        "(-249.5, 2.5, -235.1)",
        "(-237.3, 6.9, -256.2)",
        "(-206.9, 3.6, -268.8)",
        "(-174.6, 0.7, -246.7)",
        "(-109.0, 0.6, -270.1)",
        "(-86.7, 24.8, -202.8)",
        "(-97.5, 24.7, -176.6)",
        "(-122.6, 24.7, -163.9)",
        "(-147.8, 24.8, -166.4)",
        "(-167.5, 24.8, -181.7)",
        "(-174.1, 24.8, -202.6)",
        "(-169.7, 24.8, -226.2)",
        "(-155.1, 24.7, -242.9)",
        "(-130.7, 24.8, -249.4)",
        "(-111.3, 24.8, -245.1)",
        "(-64.7, 22.9, -223.0)",
        "(-52.8, 22.9, -224.8)"
      ],
      "If the NPC ends up below ocean sea level, should the NPC return to it's place of appearance? [true/false]": false,
      "Type of navigation grid (0 - used mainly on the island, 1 - used mainly under water or under land, as well as outside the map, can be used on some monuments)": 0,
      "The path to the crate that appears at the place of death (empty - not used)": "",
      "Which loot table should the plugin use? (0 - default; 1 - own; 2 - AlphaLoot; 3 - CustomLoot; 4 - loot table of the Rust objects; 5 - combine the 1 and 4 methods)": 4,
      "Loot table from prefabs (if the loot table type is 4 or 5)": {
        "Minimum numbers of prefabs": 1,
        "Maximum numbers of prefabs": 1,
        "Use minimum and maximum values? [true/false]": true,
        "List of prefabs": [
          {
            "Chance [0.0-100.0]": 100.0,
            "The path to the prefab": "assets/rust.ai/agents/npcplayer/humannpc/scientist/scientistnpc_oilrig.prefab"
          }
        ]
      },
      "Own loot table (if the loot table type is 1 or 5)": {
        "Minimum numbers of items": 1,
        "Maximum numbers of items": 1,
        "Use minimum and maximum values? [true/false]": true,
        "List of items": [
          {
            "ShortName": "scrap",
            "Minimum": 100,
            "Maximum": 200,
            "Chance [0.0-100.0]": 50.0,
            "Is this a blueprint? [true/false]": false,
            "SkinID (0 - default)": 0,
            "Name (empty - default)": ""
          }
        ]
      }
    }
  ]
}