{
  "ID": "",
  "Enabled? [true/false]": true,
  "Position": "(307.6, 63.1, 563.3)",
  "Rotation": "(0.0, 0.0, 0.0)",
  "Radius": 20.0,
  "Remove other NPCs? [true/false]": true,
  "Presets": [
    {
      "Enabled? [true/false]": true,
      "Minimum numbers - Day": 10,
      "Maximum numbers - Day": 10,
      "Minimum numbers - Night": 10,
      "Maximum numbers - Night": 10,
      "NPCs setting": {
        "Names": [
          "Sentry"
        ],
        "Health": 200.0,
        "Roam Range": 10.0,
        "Chase Range": 100.0,
        "Attack Range Multiplier": 1.0,
        "Sense Range": 50.0,
        "Target Memory Duration [sec.]": 10.0,
        "Scale damage": 2.0,
        "Aim Cone Scale": 1.0,
        "Detect the target only in the NPC's viewing vision cone? [true/false]": false,
        "Vision Cone": 135.0,
        "Speed": 7.5,
        "Minimum time of appearance after death (not used for Events) [sec.]": 600.0,
        "Maximum time of appearance after death (not used for Events) [sec.]": 900.0,
        "Disable radio effects? [true/false]": false,
        "Is this a stationary NPC? [true/false]": false,
        "Remove a corpse after death? (it is recommended to use the true value to improve performance) [true/false]": true,
        "Wear items": [
          {
            "ShortName": "coffeecan.helmet",
            "SkinID (0 - default)": 903725743
          },
          {
            "ShortName": "hoodie",
            "SkinID (0 - default)": 842998612
          },
          {
            "ShortName": "pants",
            "SkinID (0 - default)": 842969736
          },
          {
            "ShortName": "shoes.boots",
            "SkinID (0 - default)": 949545710
          }
        ],
        "Belt items": [
          {
            "ShortName": "smg.thompson",
            "Amount": 1,
            "SkinID (0 - default)": 0,
            "Mods": [
              "weapon.mod.flashlight"
            ],
            "Ammo": ""
          },
          {
            "ShortName": "pistol.revolver",
            "Amount": 1,
            "SkinID (0 - default)": 0,
            "Mods": [],
            "Ammo": ""
          },
          {
            "ShortName": "syringe.medical",
            "Amount": 10,
            "SkinID (0 - default)": 0,
            "Mods": [],
            "Ammo": ""
          }
        ],
        "Kits (it is recommended to use the previous 2 settings to improve performance)": []
      },
      "The amount of economics that is given for killing the NPC": {
        "Economics": 0.0,
        "Server Rewards (minimum 1)": 0,
        "IQEconomic (minimum 1)": 0
      },
      "Type of appearance (0 - random; 1 - own list) (not used for Road and Biome)": 1,
      "Own list of locations (not used for Road and Biome)": [
        "(-0.3, 0.0, 0.8)",
        "(0.0, 0.0, 7.2)",
        "(-0.2, 0.0, 15.9)",
        "(3.8, 0.1, 21.2)",
        "(4.9, 0.0, -3.6)",
        "(3.5, 0.0, -15.3)",
        "(-4.7, 0.1, -17.0)",
        "(-13.3, 0.0, -13.1)",
        "(-19.7, -4.9, -12.5)",
        "(-12.5, -5.1, -23.9)",
        "(15.9, -5.5, -22.8)",
        "(16.4, -2.4, 10.3)",
        "(39.4, -5.9, -24.6)",
        "(42.1, -6.0, -35.5)",
        "(40.7, -6.2, -48.3)",
        "(26.3, -6.3, -53.9)",
        "(17.1, -5.5, -37.1)",
        "(19.3, -5.8, -25.0)",
        "(36.8, -4.6, -7.1)",
        "(41.6, -6.2, -48.2)"
      ],
      "If the NPC ends up below ocean sea level, should the NPC return to it's place of appearance? [true/false]": false,
      "Type of navigation grid (0 - used mainly on the island, 1 - used mainly under water or under land, as well as outside the map, can be used on some monuments)": 0,
      "The path to the crate that appears at the place of death (empty - not used)": "",
      "Which loot table should the plugin use? (0 - default; 1 - own; 2 - AlphaLoot; 3 - CustomLoot; 4 - loot table of the Rust objects; 5 - combine the 1 and 4 methods)": 4,
      "Loot table from prefabs (if the loot table type is 4 or 5)": {
        "Minimum numbers of prefabs": 1,
        "Maximum numbers of prefabs": 1,
        "Use minimum and maximum values? [true/false]": true,
        "List of prefabs": [
          {
            "Chance [0.0-100.0]": 100.0,
            "The path to the prefab": "assets/rust.ai/agents/npcplayer/humannpc/scientist/scientistnpc_oilrig.prefab"
          }
        ]
      },
      "Own loot table (if the loot table type is 1 or 5)": {
        "Minimum numbers of items": 1,
        "Maximum numbers of items": 1,
        "Use minimum and maximum values? [true/false]": true,
        "List of items": [
          {
            "ShortName": "scrap",
            "Minimum": 100,
            "Maximum": 200,
            "Chance [0.0-100.0]": 50.0,
            "Is this a blueprint? [true/false]": false,
            "SkinID (0 - default)": 0,
            "Name (empty - default)": ""
          }
        ]
      }
    }
  ]
}