{
  "ID": "",
  "Enabled? [true/false]": true,
  "Position": "(156.3, 91.5, -25.2)",
  "Rotation": "(0.0, 0.0, 0.0)",
  "Radius": 20.0,
  "Remove other NPCs? [true/false]": true,
  "Presets": [
    {
      "Enabled? [true/false]": true,
      "Minimum numbers - Day": 5,
      "Maximum numbers - Day": 7,
      "Minimum numbers - Night": 5,
      "Maximum numbers - Night": 7,
      "NPCs setting": {
        "Names": [
          "Sentry"
        ],
        "Health": 200.0,
        "Roam Range": 10.0,
        "Chase Range": 100.0,
        "Attack Range Multiplier": 1.0,
        "Sense Range": 50.0,
        "Target Memory Duration [sec.]": 10.0,
        "Scale damage": 2.0,
        "Aim Cone Scale": 1.0,
        "Detect the target only in the NPC's viewing vision cone? [true/false]": false,
        "Vision Cone": 135.0,
        "Speed": 7.5,
        "Minimum time of appearance after death (not used for Events) [sec.]": 600.0,
        "Maximum time of appearance after death (not used for Events) [sec.]": 900.0,
        "Disable radio effects? [true/false]": false,
        "Is this a stationary NPC? [true/false]": false,
        "Remove a corpse after death? (it is recommended to use the true value to improve performance) [true/false]": true,
        "Wear items": [
          {
            "ShortName": "metal.facemask",
            "SkinID (0 - default)": 1107214333
          },
          {
            "ShortName": "hoodie",
            "SkinID (0 - default)": 2176988889
          },
          {
            "ShortName": "pants",
            "SkinID (0 - default)": 2184218268
          },
          {
            "ShortName": "shoes.boots",
            "SkinID (0 - default)": 2192338913
          },
          {
            "ShortName": "roadsign.jacket",
            "SkinID (0 - default)": 1116027401
          },
          {
            "ShortName": "roadsign.kilt",
            "SkinID (0 - default)": 1116032718
          }
        ],
        "Belt items": [
          {
            "ShortName": "smg.mp5",
            "Amount": 1,
            "SkinID (0 - default)": 0,
            "Mods": [
              "weapon.mod.flashlight"
            ],
            "Ammo": ""
          },
          {
            "ShortName": "pistol.semiauto",
            "Amount": 1,
            "SkinID (0 - default)": 0,
            "Mods": [],
            "Ammo": ""
          },
          {
            "ShortName": "syringe.medical",
            "Amount": 10,
            "SkinID (0 - default)": 0,
            "Mods": [],
            "Ammo": ""
          }
        ],
        "Kits (it is recommended to use the previous 2 settings to improve performance)": []
      },
      "The amount of economics that is given for killing the NPC": {
        "Economics": 0.0,
        "Server Rewards (minimum 1)": 0,
        "IQEconomic (minimum 1)": 0
      },
      "Type of appearance (0 - random; 1 - own list) (not used for Road and Biome)": 1,
      "Own list of locations (not used for Road and Biome)": [
        "(0.0, 0.0, 0.0)",
        "(14.4, 0.0, -6.5)",
        "(-13.6, 0.1, -3.1)",
        "(-16.0, 0.0, 7.3)",
        "(-22.1, -0.3, 17.9)",
        "(-15.0, -0.4, 27.5)",
        "(-5.4, -0.4, 35.8)",
        "(7.3, -0.3, 34.2)",
        "(32.3, -0.5, 29.7)",
        "(52.0, -0.5, 39.0)",
        "(64.7, -0.6, 49.4)",
        "(61.8, 0.5, -6.7)",
        "(76.1, 0.2, -22.6)",
        "(86.6, 11.3, -22.8)",
        "(92.7, 11.3, -28.9)",
        "(3.1, 12.3, -26.5)",
        "(-21.4, 12.1, -8.6)",
        "(-4.8, 0.0, -10.4)",
        "(-8.6, 0.0, -21.0)",
        "(-16.3, -4.4, -31.8)",
        "(-26.6, -7.5, -40.9)",
        "(-24.7, -7.5, -31.1)",
        "(-35.1, -10.5, -19.7)",
        "(-23.5, -13.5, -21.0)",
        "(-15.9, -13.6, -24.3)",
        "(-2.6, -13.8, -6.9)",
        "(-16.5, -13.6, -26.3)"
      ],
      "If the NPC ends up below ocean sea level, should the NPC return to it's place of appearance? [true/false]": false,
      "Type of navigation grid (0 - used mainly on the island, 1 - used mainly under water or under land, as well as outside the map, can be used on some monuments)": 0,
      "The path to the crate that appears at the place of death (empty - not used)": "",
      "Which loot table should the plugin use? (0 - default; 1 - own; 2 - AlphaLoot; 3 - CustomLoot; 4 - loot table of the Rust objects; 5 - combine the 1 and 4 methods)": 4,
      "Loot table from prefabs (if the loot table type is 4 or 5)": {
        "Minimum numbers of prefabs": 1,
        "Maximum numbers of prefabs": 1,
        "Use minimum and maximum values? [true/false]": true,
        "List of prefabs": [
          {
            "Chance [0.0-100.0]": 100.0,
            "The path to the prefab": "assets/rust.ai/agents/npcplayer/humannpc/scientist/scientistnpc_oilrig.prefab"
          }
        ]
      },
      "Own loot table (if the loot table type is 1 or 5)": {
        "Minimum numbers of items": 1,
        "Maximum numbers of items": 1,
        "Use minimum and maximum values? [true/false]": true,
        "List of items": [
          {
            "ShortName": "scrap",
            "Minimum": 100,
            "Maximum": 200,
            "Chance [0.0-100.0]": 50.0,
            "Is this a blueprint? [true/false]": false,
            "SkinID (0 - default)": 0,
            "Name (empty - default)": ""
          }
        ]
      }
    }
  ]
}