{
  "ID": "",
  "Enabled? [true/false]": true,
  "Position": "(-915.8, 32.5, -651.6)",
  "Rotation": "(0.0, 0.0, 0.0)",
  "Radius": 20.0,
  "Remove other NPCs? [true/false]": true,
  "Presets": [
    {
      "Enabled? [true/false]": true,
      "Minimum numbers - Day": 8,
      "Maximum numbers - Day": 14,
      "Minimum numbers - Night": 8,
      "Maximum numbers - Night": 12,
      "NPCs setting": {
        "Names": [
          "Scientist"
        ],
        "Health": 200.0,
        "Roam Range": 10.0,
        "Chase Range": 100.0,
        "Attack Range Multiplier": 1.0,
        "Sense Range": 50.0,
        "Target Memory Duration [sec.]": 10.0,
        "Scale damage": 2.0,
        "Aim Cone Scale": 1.0,
        "Detect the target only in the NPC's viewing vision cone? [true/false]": false,
        "Vision Cone": 135.0,
        "Speed": 7.5,
        "Minimum time of appearance after death (not used for Events) [sec.]": 600.0,
        "Maximum time of appearance after death (not used for Events) [sec.]": 900.0,
        "Disable radio effects? [true/false]": false,
        "Is this a stationary NPC? [true/false]": false,
        "Remove a corpse after death? (it is recommended to use the true value to improve performance) [true/false]": true,
        "Wear items": [
          {
            "ShortName": "burlap.headwrap",
            "SkinID (0 - default)": 849487852
          },
          {
            "ShortName": "tshirt.long",
            "SkinID (0 - default)": 864681899
          },
          {
            "ShortName": "pants",
            "SkinID (0 - default)": 877738913
          },
          {
            "ShortName": "shoes.boots",
            "SkinID (0 - default)": 2093192491
          }
        ],
        "Belt items": [
          {
            "ShortName": "smg.mp5",
            "Amount": 1,
            "SkinID (0 - default)": 0,
            "Mods": [
              "weapon.mod.flashlight",
              "weapon.mod.holosight"
            ],
            "Ammo": ""
          },
          {
            "ShortName": "syringe.medical",
            "Amount": 3,
            "SkinID (0 - default)": 0,
            "Mods": [],
            "Ammo": ""
          }
        ],
        "Kits (it is recommended to use the previous 2 settings to improve performance)": []
      },
      "The amount of economics that is given for killing the NPC": {
        "Economics": 0.0,
        "Server Rewards (minimum 1)": 0,
        "IQEconomic (minimum 1)": 0
      },
      "Type of appearance (0 - random; 1 - own list) (not used for Road and Biome)": 1,
      "Own list of locations (not used for Road and Biome)": [
        "(0.0, 0.0, 0.0)",
        "(-27.7, 0.2, 6.7)",
        "(-63.9, 0.1, 20.7)",
        "(-88.5, 0.0, 24.1)",
        "(-111.2, 0.1, 34.2)",
        "(-134.7, 0.0, 36.9)",
        "(-166.5, 0.1, 52.8)",
        "(-37.8, 0.2, 10.9)",
        "(-19.3, 0.2, 9.5)",
        "(19.2, 0.1, 2.1)",
        "(48.7, 0.1, -11.3)",
        "(90.4, 0.0, -15.7)",
        "(114.1, 0.1, -27.4)",
        "(137.7, 0.0, -35.9)",
        "(158.6, 0.0, -36.3)",
        "(186.9, 0.0, -49.2)",
        "(206.7, 0.0, -48.8)",
        "(116.7, -9.0, -8.8)",
        "(120.9, -9.0, 5.2)",
        "(126.9, -9.1, 28.1)",
        "(109.9, 0.9, -48.4)",
        "(97.0, 1.5, -41.3)",
        "(108.4, -15.6, -55.0)",
        "(101.3, -15.2, -43.5)",
        "(85.6, -32.3, -51.1)",
        "(111.9, -32.3, -60.2)",
        "(160.8, -23.4, -57.6)",
        "(108.2, 17.8, -48.7)",
        "(-44.0, 13.8, -8.2)"
      ],
      "If the NPC ends up below ocean sea level, should the NPC return to it's place of appearance? [true/false]": false,
      "Type of navigation grid (0 - used mainly on the island, 1 - used mainly under water or under land, as well as outside the map, can be used on some monuments)": 0,
      "The path to the crate that appears at the place of death (empty - not used)": "",
      "Which loot table should the plugin use? (0 - default; 1 - own; 2 - AlphaLoot; 3 - CustomLoot; 4 - loot table of the Rust objects; 5 - combine the 1 and 4 methods)": 4,
      "Loot table from prefabs (if the loot table type is 4 or 5)": {
        "Minimum numbers of prefabs": 1,
        "Maximum numbers of prefabs": 1,
        "Use minimum and maximum values? [true/false]": true,
        "List of prefabs": [
          {
            "Chance [0.0-100.0]": 100.0,
            "The path to the prefab": "assets/rust.ai/agents/npcplayer/humannpc/scientist/scientistnpc_oilrig.prefab"
          }
        ]
      },
      "Own loot table (if the loot table type is 1 or 5)": {
        "Minimum numbers of items": 1,
        "Maximum numbers of items": 1,
        "Use minimum and maximum values? [true/false]": true,
        "List of items": [
          {
            "ShortName": "scrap",
            "Minimum": 100,
            "Maximum": 200,
            "Chance [0.0-100.0]": 50.0,
            "Is this a blueprint? [true/false]": false,
            "SkinID (0 - default)": 0,
            "Name (empty - default)": ""
          }
        ]
      }
    }
  ]
}