{
  "ID": "",
  "Enabled? [true/false]": true,
  "Position": "(188.7, 51.6, -811.7)",
  "Rotation": "(0.0, 0.0, 0.0)",
  "Radius": 20.0,
  "Remove other NPCs? [true/false]": true,
  "Presets": [
    {
      "Enabled? [true/false]": true,
      "Minimum numbers - Day": 6,
      "Maximum numbers - Day": 8,
      "Minimum numbers - Night": 5,
      "Maximum numbers - Night": 7,
      "NPCs setting": {
        "Names": [
          "Sentry"
        ],
        "Health": 200.0,
        "Roam Range": 10.0,
        "Chase Range": 100.0,
        "Attack Range Multiplier": 1.0,
        "Sense Range": 50.0,
        "Target Memory Duration [sec.]": 10.0,
        "Scale damage": 2.0,
        "Aim Cone Scale": 1.0,
        "Detect the target only in the NPC's viewing vision cone? [true/false]": false,
        "Vision Cone": 135.0,
        "Speed": 7.5,
        "Minimum time of appearance after death (not used for Events) [sec.]": 600.0,
        "Maximum time of appearance after death (not used for Events) [sec.]": 900.0,
        "Disable radio effects? [true/false]": false,
        "Is this a stationary NPC? [true/false]": false,
        "Remove a corpse after death? (it is recommended to use the true value to improve performance) [true/false]": true,
        "Wear items": [
          {
            "ShortName": "metal.facemask",
            "SkinID (0 - default)": 1107214333
          },
          {
            "ShortName": "hoodie",
            "SkinID (0 - default)": 2176988889
          },
          {
            "ShortName": "pants",
            "SkinID (0 - default)": 2184218268
          },
          {
            "ShortName": "shoes.boots",
            "SkinID (0 - default)": 2192338913
          },
          {
            "ShortName": "roadsign.jacket",
            "SkinID (0 - default)": 1116027401
          },
          {
            "ShortName": "roadsign.kilt",
            "SkinID (0 - default)": 1116032718
          }
        ],
        "Belt items": [
          {
            "ShortName": "smg.mp5",
            "Amount": 1,
            "SkinID (0 - default)": 0,
            "Mods": [
              "weapon.mod.flashlight"
            ],
            "Ammo": ""
          },
          {
            "ShortName": "pistol.revolver",
            "Amount": 1,
            "SkinID (0 - default)": 0,
            "Mods": [],
            "Ammo": ""
          },
          {
            "ShortName": "syringe.medical",
            "Amount": 10,
            "SkinID (0 - default)": 0,
            "Mods": [],
            "Ammo": ""
          }
        ],
        "Kits (it is recommended to use the previous 2 settings to improve performance)": []
      },
      "The amount of economics that is given for killing the NPC": {
        "Economics": 0.0,
        "Server Rewards (minimum 1)": 0,
        "IQEconomic (minimum 1)": 0
      },
      "Type of appearance (0 - random; 1 - own list) (not used for Road and Biome)": 1,
      "Own list of locations (not used for Road and Biome)": [
        "(0.1, 0.0, 8.1)",
        "(4.8, 0.0, 12.8)",
        "(7.5, 0.0, 21.8)",
        "(14.3, -6.5, -1.9)",
        "(-15.6, -17.0, 3.9)",
        "(-16.4, -17.3, 9.2)",
        "(-13.3, -20.5, 12.4)",
        "(-3.4, -24.6, 12.4)",
        "(-3.6, -28.7, 12.1)",
        "(-0.7, -33.1, 12.1)",
        "(6.1, -32.6, 9.9)",
        "(8.3, -32.5, 5.7)",
        "(5.3, -32.3, -9.4)",
        "(4.5, -37.4, -12.4)",
        "(0.8, -49.5, -12.6)",
        "(14.8, -50.2, 4.6)",
        "(-3.8, -50.1, 12.2)",
        "(-3.7, -41.7, 11.7)",
        "(-11.2, -33.1, 4.1)",
        "(0.4, -20.5, 18.8)",
        "(3.5, -17.3, 14.1)",
        "(8.3, 0.0, -10.3)",
        "(11.6, 0.0, -7.1)"
      ],
      "If the NPC ends up below ocean sea level, should the NPC return to it's place of appearance? [true/false]": false,
      "Type of navigation grid (0 - used mainly on the island, 1 - used mainly under water or under land, as well as outside the map, can be used on some monuments)": 0,
      "The path to the crate that appears at the place of death (empty - not used)": "",
      "Which loot table should the plugin use? (0 - default; 1 - own; 2 - AlphaLoot; 3 - CustomLoot; 4 - loot table of the Rust objects; 5 - combine the 1 and 4 methods)": 4,
      "Loot table from prefabs (if the loot table type is 4 or 5)": {
        "Minimum numbers of prefabs": 1,
        "Maximum numbers of prefabs": 1,
        "Use minimum and maximum values? [true/false]": true,
        "List of prefabs": [
          {
            "Chance [0.0-100.0]": 100.0,
            "The path to the prefab": "assets/rust.ai/agents/npcplayer/humannpc/scientist/scientistnpc_oilrig.prefab"
          }
        ]
      },
      "Own loot table (if the loot table type is 1 or 5)": {
        "Minimum numbers of items": 1,
        "Maximum numbers of items": 1,
        "Use minimum and maximum values? [true/false]": true,
        "List of items": [
          {
            "ShortName": "scrap",
            "Minimum": 100,
            "Maximum": 200,
            "Chance [0.0-100.0]": 50.0,
            "Is this a blueprint? [true/false]": false,
            "SkinID (0 - default)": 0,
            "Name (empty - default)": ""
          }
        ]
      }
    }
  ]
}