{
  "ID": "",
  "Enabled? [true/false]": true,
  "Position": "(-86.3, 203.2, -365.0)",
  "Rotation": "(0.0, 0.0, 0.0)",
  "Radius": 20.0,
  "Remove other NPCs? [true/false]": true,
  "Presets": [
    {
      "Enabled? [true/false]": true,
      "Minimum numbers - Day": 5,
      "Maximum numbers - Day": 8,
      "Minimum numbers - Night": 4,
      "Maximum numbers - Night": 6,
      "NPCs setting": {
        "Names": [
          "Sentry"
        ],
        "Health": 200.0,
        "Roam Range": 10.0,
        "Chase Range": 100.0,
        "Attack Range Multiplier": 1.0,
        "Sense Range": 50.0,
        "Target Memory Duration [sec.]": 10.0,
        "Scale damage": 2.0,
        "Aim Cone Scale": 1.0,
        "Detect the target only in the NPC's viewing vision cone? [true/false]": false,
        "Vision Cone": 135.0,
        "Speed": 7.5,
        "Minimum time of appearance after death (not used for Events) [sec.]": 600.0,
        "Maximum time of appearance after death (not used for Events) [sec.]": 900.0,
        "Disable radio effects? [true/false]": false,
        "Is this a stationary NPC? [true/false]": false,
        "Remove a corpse after death? (it is recommended to use the true value to improve performance) [true/false]": true,
        "Wear items": [
          {
            "ShortName": "riot.helmet",
            "SkinID (0 - default)": 933273377
          },
          {
            "ShortName": "hoodie",
            "SkinID (0 - default)": 1220577283
          },
          {
            "ShortName": "pants",
            "SkinID (0 - default)": 1220582391
          },
          {
            "ShortName": "shoes.boots",
            "SkinID (0 - default)": 1170428844
          },
          {
            "ShortName": "roadsign.jacket",
            "SkinID (0 - default)": 1228236617
          },
          {
            "ShortName": "roadsign.kilt",
            "SkinID (0 - default)": 1228234614
          },
          {
            "ShortName": "sunglasses",
            "SkinID (0 - default)": 0
          },
          {
            "ShortName": "santabeard",
            "SkinID (0 - default)": 0
          }
        ],
        "Belt items": [
          {
            "ShortName": "smg.thompson",
            "Amount": 1,
            "SkinID (0 - default)": 0,
            "Mods": [
              "weapon.mod.flashlight"
            ],
            "Ammo": ""
          },
          {
            "ShortName": "pistol.revolver",
            "Amount": 1,
            "SkinID (0 - default)": 0,
            "Mods": [],
            "Ammo": ""
          },
          {
            "ShortName": "syringe.medical",
            "Amount": 10,
            "SkinID (0 - default)": 0,
            "Mods": [],
            "Ammo": ""
          }
        ],
        "Kits (it is recommended to use the previous 2 settings to improve performance)": []
      },
      "The amount of economics that is given for killing the NPC": {
        "Economics": 0.0,
        "Server Rewards (minimum 1)": 0,
        "IQEconomic (minimum 1)": 0
      },
      "Type of appearance (0 - random; 1 - own list) (not used for Road and Biome)": 1,
      "Own list of locations (not used for Road and Biome)": [
        "(0.8, -0.3, 36.9)",
        "(4.5, -0.2, 1.8)",
        "(21.0, -0.4, -8.7)",
        "(0.1, -0.4, -22.3)",
        "(-19.4, 0.1, -19.2)",
        "(-23.4, 2.5, -8.2)",
        "(-9.9, 2.4, 15.0)",
        "(-4.7, 5.5, 38.7)",
        "(9.3, 5.3, 39.5)",
        "(21.8, 2.5, 8.3)",
        "(28.9, 2.5, -20.7)",
        "(21.4, 5.4, -24.4)",
        "(-18.5, 5.4, -25.3)",
        "(0.9, 11.2, -21.0)",
        "(1.5, 9.5, -10.8)",
        "(11.4, 9.5, -13.9)",
        "(28.0, 12.7, -0.2)",
        "(26.1, 12.7, -4.1)",
        "(-23.7, 12.7, -1.8)",
        "(-4.5, 12.7, 16.0)",
        "(9.8, 12.7, 15.9)",
        "(9.7, 5.4, 31.4)",
        "(7.2, 2.5, 41.3)"
      ],
      "If the NPC ends up below ocean sea level, should the NPC return to it's place of appearance? [true/false]": false,
      "Type of navigation grid (0 - used mainly on the island, 1 - used mainly under water or under land, as well as outside the map, can be used on some monuments)": 0,
      "The path to the crate that appears at the place of death (empty - not used)": "",
      "Which loot table should the plugin use? (0 - default; 1 - own; 2 - AlphaLoot; 3 - CustomLoot; 4 - loot table of the Rust objects; 5 - combine the 1 and 4 methods)": 4,
      "Loot table from prefabs (if the loot table type is 4 or 5)": {
        "Minimum numbers of prefabs": 1,
        "Maximum numbers of prefabs": 1,
        "Use minimum and maximum values? [true/false]": true,
        "List of prefabs": [
          {
            "Chance [0.0-100.0]": 100.0,
            "The path to the prefab": "assets/rust.ai/agents/npcplayer/humannpc/scientist/scientistnpc_oilrig.prefab"
          }
        ]
      },
      "Own loot table (if the loot table type is 1 or 5)": {
        "Minimum numbers of items": 1,
        "Maximum numbers of items": 1,
        "Use minimum and maximum values? [true/false]": true,
        "List of items": [
          {
            "ShortName": "scrap",
            "Minimum": 100,
            "Maximum": 200,
            "Chance [0.0-100.0]": 50.0,
            "Is this a blueprint? [true/false]": false,
            "SkinID (0 - default)": 0,
            "Name (empty - default)": ""
          }
        ]
      }
    }
  ]
}