{
  "ID": "",
  "Enabled? [true/false]": true,
  "Position": "(1576.3, 11.1, -189.3)",
  "Rotation": "(0.0, 0.0, 0.0)",
  "Radius": 20.0,
  "Remove other NPCs? [true/false]": true,
  "Presets": [
    {
      "Enabled? [true/false]": true,
      "Minimum numbers - Day": 4,
      "Maximum numbers - Day": 6,
      "Minimum numbers - Night": 4,
      "Maximum numbers - Night": 6,
      "NPCs setting": {
        "Names": [
          "OilMan"
        ],
        "Health": 200.0,
        "Roam Range": 10.0,
        "Chase Range": 100.0,
        "Attack Range Multiplier": 1.0,
        "Sense Range": 50.0,
        "Target Memory Duration [sec.]": 10.0,
        "Scale damage": 2.0,
        "Aim Cone Scale": 1.0,
        "Detect the target only in the NPC's viewing vision cone? [true/false]": false,
        "Vision Cone": 135.0,
        "Speed": 7.5,
        "Minimum time of appearance after death (not used for Events) [sec.]": 600.0,
        "Maximum time of appearance after death (not used for Events) [sec.]": 900.0,
        "Disable radio effects? [true/false]": false,
        "Is this a stationary NPC? [true/false]": false,
        "Remove a corpse after death? (it is recommended to use the true value to improve performance) [true/false]": true,
        "Wear items": [
          {
            "ShortName": "hat.boonie",
            "SkinID (0 - default)": 889709045
          },
          {
            "ShortName": "hoodie",
            "SkinID (0 - default)": 889718910
          },
          {
            "ShortName": "pants",
            "SkinID (0 - default)": 889714798
          },
          {
            "ShortName": "shoes.boots",
            "SkinID (0 - default)": 877856608
          },
          {
            "ShortName": "mask.bandana",
            "SkinID (0 - default)": 889712013
          },
          {
            "ShortName": "sunglasses",
            "SkinID (0 - default)": 0
          },
          {
            "ShortName": "santabeard",
            "SkinID (0 - default)": 0
          }
        ],
        "Belt items": [
          {
            "ShortName": "smg.thompson",
            "Amount": 1,
            "SkinID (0 - default)": 0,
            "Mods": [
              "weapon.mod.flashlight"
            ],
            "Ammo": ""
          },
          {
            "ShortName": "pistol.revolver",
            "Amount": 1,
            "SkinID (0 - default)": 0,
            "Mods": [],
            "Ammo": ""
          },
          {
            "ShortName": "syringe.medical",
            "Amount": 10,
            "SkinID (0 - default)": 0,
            "Mods": [],
            "Ammo": ""
          }
        ],
        "Kits (it is recommended to use the previous 2 settings to improve performance)": []
      },
      "The amount of economics that is given for killing the NPC": {
        "Economics": 0.0,
        "Server Rewards (minimum 1)": 0,
        "IQEconomic (minimum 1)": 0
      },
      "Type of appearance (0 - random; 1 - own list) (not used for Road and Biome)": 1,
      "Own list of locations (not used for Road and Biome)": [
        "(0.0, 0.0, 0.0)",
        "(0.5, 0.0, -11.8)",
        "(7.5, 0.0, -27.9)",
        "(22.2, 0.6, -3.8)",
        "(20.2, 0.0, 10.0)",
        "(11.0, -0.1, 33.1)",
        "(-19.6, 0.5, 36.0)",
        "(-32.9, 0.6, 25.1)",
        "(-42.2, 0.5, 9.0)",
        "(-47.0, 2.1, -19.3)",
        "(-32.2, 1.3, -42.3)",
        "(-24.5, 1.3, -48.2)",
        "(6.2, 0.6, -40.3)",
        "(-20.3, 5.5, -15.5)",
        "(-7.0, 5.5, 25.7)",
        "(-15.7, 18.8, -8.0)",
        "(9.8, -0.1, 16.8)"
      ],
      "If the NPC ends up below ocean sea level, should the NPC return to it's place of appearance? [true/false]": false,
      "Type of navigation grid (0 - used mainly on the island, 1 - used mainly under water or under land, as well as outside the map, can be used on some monuments)": 0,
      "The path to the crate that appears at the place of death (empty - not used)": "",
      "Which loot table should the plugin use? (0 - default; 1 - own; 2 - AlphaLoot; 3 - CustomLoot; 4 - loot table of the Rust objects; 5 - combine the 1 and 4 methods)": 4,
      "Loot table from prefabs (if the loot table type is 4 or 5)": {
        "Minimum numbers of prefabs": 1,
        "Maximum numbers of prefabs": 1,
        "Use minimum and maximum values? [true/false]": true,
        "List of prefabs": [
          {
            "Chance [0.0-100.0]": 100.0,
            "The path to the prefab": "assets/rust.ai/agents/npcplayer/humannpc/scientist/scientistnpc_oilrig.prefab"
          }
        ]
      },
      "Own loot table (if the loot table type is 1 or 5)": {
        "Minimum numbers of items": 1,
        "Maximum numbers of items": 1,
        "Use minimum and maximum values? [true/false]": true,
        "List of items": [
          {
            "ShortName": "scrap",
            "Minimum": 100,
            "Maximum": 200,
            "Chance [0.0-100.0]": 50.0,
            "Is this a blueprint? [true/false]": false,
            "SkinID (0 - default)": 0,
            "Name (empty - default)": ""
          }
        ]
      }
    }
  ]
}