{
  "ID": "",
  "Enabled? [true/false]": true,
  "Position": "(548.6, 49.0, -139.1)",
  "Rotation": "(0.0, 0.0, 0.0)",
  "Radius": 20.0,
  "Remove other NPCs? [true/false]": true,
  "Presets": [
    {
      "Enabled? [true/false]": true,
      "Minimum numbers - Day": 12,
      "Maximum numbers - Day": 14,
      "Minimum numbers - Night": 11,
      "Maximum numbers - Night": 12,
      "NPCs setting": {
        "Names": [
          "Soldier"
        ],
        "Health": 200.0,
        "Roam Range": 10.0,
        "Chase Range": 100.0,
        "Attack Range Multiplier": 1.0,
        "Sense Range": 50.0,
        "Target Memory Duration [sec.]": 10.0,
        "Scale damage": 2.0,
        "Aim Cone Scale": 1.0,
        "Detect the target only in the NPC's viewing vision cone? [true/false]": false,
        "Vision Cone": 135.0,
        "Speed": 7.5,
        "Minimum time of appearance after death (not used for Events) [sec.]": 600.0,
        "Maximum time of appearance after death (not used for Events) [sec.]": 900.0,
        "Disable radio effects? [true/false]": false,
        "Is this a stationary NPC? [true/false]": false,
        "Remove a corpse after death? (it is recommended to use the true value to improve performance) [true/false]": true,
        "Wear items": [
          {
            "ShortName": "hat.beenie",
            "SkinID (0 - default)": 2162657911
          },
          {
            "ShortName": "burlap.shirt",
            "SkinID (0 - default)": 2162654833
          },
          {
            "ShortName": "burlap.trousers",
            "SkinID (0 - default)": 2162656044
          },
          {
            "ShortName": "shoes.boots",
            "SkinID (0 - default)": 1101343374
          },
          {
            "ShortName": "sunglasses",
            "SkinID (0 - default)": 0
          },
          {
            "ShortName": "santabeard",
            "SkinID (0 - default)": 0
          }
        ],
        "Belt items": [
          {
            "ShortName": "rifle.lr300",
            "Amount": 1,
            "SkinID (0 - default)": 0,
            "Mods": [
              "weapon.mod.holosight",
              "weapon.mod.flashlight"
            ],
            "Ammo": ""
          },
          {
            "ShortName": "syringe.medical",
            "Amount": 10,
            "SkinID (0 - default)": 0,
            "Mods": [],
            "Ammo": ""
          },
          {
            "ShortName": "grenade.f1",
            "Amount": 10,
            "SkinID (0 - default)": 0,
            "Mods": [],
            "Ammo": ""
          }
        ],
        "Kits (it is recommended to use the previous 2 settings to improve performance)": []
      },
      "The amount of economics that is given for killing the NPC": {
        "Economics": 0.0,
        "Server Rewards (minimum 1)": 0,
        "IQEconomic (minimum 1)": 0
      },
      "Type of appearance (0 - random; 1 - own list) (not used for Road and Biome)": 1,
      "Own list of locations (not used for Road and Biome)": [
        "(-2.1, 0.0, 0.9)",
        "(-11.0, 0.1, 30.0)",
        "(-14.6, 0.0, 44.2)",
        "(-22.4, 0.9, 70.0)",
        "(9.2, 0.1, 56.8)",
        "(31.3, 0.1, 38.6)",
        "(46.6, 0.2, 12.9)",
        "(41.6, 0.1, -22.3)",
        "(40.2, 0.0, -58.9)",
        "(22.2, 0.0, -58.3)",
        "(14.1, 0.0, -75.8)",
        "(-22.3, 5.9, -87.1)",
        "(6.6, 5.9, -88.5)",
        "(31.5, 6.0, -74.7)",
        "(47.0, 6.0, -58.6)",
        "(50.9, 6.0, -49.0)",
        "(52.4, 6.0, 25.1)",
        "(46.9, 6.2, 45.4)",
        "(21.5, 6.0, 60.8)",
        "(2.8, 6.0, 65.8)",
        "(-18.0, 6.0, 72.3)",
        "(-39.3, 6.0, 73.1)",
        "(-65.3, 6.0, 52.6)",
        "(-39.2, 5.7, 36.6)",
        "(-9.8, 0.1, 23.6)",
        "(-9.9, 0.1, 10.0)",
        "(-15.5, 1.2, -5.3)",
        "(28.1, 4.7, -4.6)",
        "(27.2, 4.7, -11.2)",
        "(30.2, 4.7, -21.5)",
        "(7.7, 23.3, -25.5)",
        "(4.8, 37.4, -23.5)",
        "(0.1, 56.0, -23.9)",
        "(-7.6, 56.0, -21.4)"
      ],
      "If the NPC ends up below ocean sea level, should the NPC return to it's place of appearance? [true/false]": false,
      "Type of navigation grid (0 - used mainly on the island, 1 - used mainly under water or under land, as well as outside the map, can be used on some monuments)": 0,
      "The path to the crate that appears at the place of death (empty - not used)": "",
      "Which loot table should the plugin use? (0 - default; 1 - own; 2 - AlphaLoot; 3 - CustomLoot; 4 - loot table of the Rust objects; 5 - combine the 1 and 4 methods)": 4,
      "Loot table from prefabs (if the loot table type is 4 or 5)": {
        "Minimum numbers of prefabs": 1,
        "Maximum numbers of prefabs": 1,
        "Use minimum and maximum values? [true/false]": true,
        "List of prefabs": [
          {
            "Chance [0.0-100.0]": 100.0,
            "The path to the prefab": "assets/rust.ai/agents/npcplayer/humannpc/scientist/scientistnpc_oilrig.prefab"
          }
        ]
      },
      "Own loot table (if the loot table type is 1 or 5)": {
        "Minimum numbers of items": 1,
        "Maximum numbers of items": 1,
        "Use minimum and maximum values? [true/false]": true,
        "List of items": [
          {
            "ShortName": "scrap",
            "Minimum": 100,
            "Maximum": 200,
            "Chance [0.0-100.0]": 50.0,
            "Is this a blueprint? [true/false]": false,
            "SkinID (0 - default)": 0,
            "Name (empty - default)": ""
          }
        ]
      }
    }
  ]
}