{
  "ID": "",
  "Enabled? [true/false]": true,
  "Position": "(-280.7, 17.8, 535.7)",
  "Rotation": "(0.0, 0.0, 0.0)",
  "Radius": 20.0,
  "Remove other NPCs? [true/false]": true,
  "Presets": [
    {
      "Enabled? [true/false]": true,
      "Minimum numbers - Day": 12,
      "Maximum numbers - Day": 14,
      "Minimum numbers - Night": 12,
      "Maximum numbers - Night": 14,
      "NPCs setting": {
        "Names": [
          "Scientist"
        ],
        "Health": 200.0,
        "Roam Range": 10.0,
        "Chase Range": 100.0,
        "Attack Range Multiplier": 1.0,
        "Sense Range": 50.0,
        "Target Memory Duration [sec.]": 10.0,
        "Scale damage": 2.0,
        "Aim Cone Scale": 1.0,
        "Detect the target only in the NPC's viewing vision cone? [true/false]": false,
        "Vision Cone": 135.0,
        "Speed": 7.5,
        "Minimum time of appearance after death (not used for Events) [sec.]": 600.0,
        "Maximum time of appearance after death (not used for Events) [sec.]": 900.0,
        "Disable radio effects? [true/false]": false,
        "Is this a stationary NPC? [true/false]": false,
        "Remove a corpse after death? (it is recommended to use the true value to improve performance) [true/false]": true,
        "Wear items": [
          {
            "ShortName": "riot.helmet",
            "SkinID (0 - default)": 2381427256
          },
          {
            "ShortName": "hoodie",
            "SkinID (0 - default)": 2453010680
          },
          {
            "ShortName": "pants",
            "SkinID (0 - default)": 2453018958
          },
          {
            "ShortName": "shoes.boots",
            "SkinID (0 - default)": 825498595
          },
          {
            "ShortName": "burlap.gloves",
            "SkinID (0 - default)": 2453024309
          }
        ],
        "Belt items": [
          {
            "ShortName": "smg.mp5",
            "Amount": 1,
            "SkinID (0 - default)": 0,
            "Mods": [
              "weapon.mod.flashlight"
            ],
            "Ammo": ""
          },
          {
            "ShortName": "pistol.semiauto",
            "Amount": 1,
            "SkinID (0 - default)": 0,
            "Mods": [],
            "Ammo": ""
          },
          {
            "ShortName": "syringe.medical",
            "Amount": 10,
            "SkinID (0 - default)": 0,
            "Mods": [],
            "Ammo": ""
          }
        ],
        "Kits (it is recommended to use the previous 2 settings to improve performance)": []
      },
      "The amount of economics that is given for killing the NPC": {
        "Economics": 0.0,
        "Server Rewards (minimum 1)": 0,
        "IQEconomic (minimum 1)": 0
      },
      "Type of appearance (0 - random; 1 - own list) (not used for Road and Biome)": 1,
      "Own list of locations (not used for Road and Biome)": [
        "(-0.3, 0.0, -0.1)",
        "(-5.3, 0.0, -6.1)",
        "(-8.5, 0.0, -10.5)",
        "(11.6, 0.0, 20.6)",
        "(-2.6, -5.7, 31.0)",
        "(-17.7, -5.7, 41.4)",
        "(-16.5, -5.7, 51.1)",
        "(-2.6, -5.8, 41.3)",
        "(10.0, -5.8, 28.1)",
        "(26.4, -5.8, 34.9)",
        "(19.4, -5.8, 45.7)",
        "(-2.9, -5.8, 55.2)",
        "(-27.3, -9.3, 31.3)",
        "(-67.1, -28.2, 32.1)",
        "(-53.9, -28.3, 38.7)",
        "(-50.6, -28.3, 52.6)",
        "(-44.0, -28.3, 59.5)",
        "(-36.7, -28.3, 55.8)",
        "(-26.3, -28.3, 45.2)",
        "(-14.7, -28.3, 35.9)",
        "(-2.4, -28.3, 21.4)",
        "(-13.1, -28.3, -1.4)",
        "(-13.6, 16.7, 68.4)",
        "(-19.3, 17.3, 72.3)",
        "(-34.7, 17.5, 76.2)",
        "(-37.9, 15.0, 74.3)",
        "(-61.1, 14.9, 61.0)",
        "(-81.2, 18.2, 26.6)",
        "(-95.1, 17.9, -5.0)",
        "(-76.1, 20.9, 15.2)",
        "(-56.9, 12.2, 1.7)",
        "(-40.3, 8.9, -9.3)",
        "(-10.8, 5.2, 4.1)",
        "(7.3, 5.6, 2.7)",
        "(15.4, 3.0, -12.6)",
        "(49.6, -0.8, -22.4)",
        "(31.3, 0.0, -28.4)",
        "(51.1, 4.9, -7.3)",
        "(52.2, 13.6, 5.4)",
        "(46.7, 12.5, 4.7)",
        "(10.6, 12.2, -22.8)",
        "(-33.9, 8.4, -11.3)",
        "(-41.7, 15.0, -36.0)",
        "(-67.6, 15.5, -22.2)",
        "(-81.2, 14.3, 1.5)",
        "(-83.9, 18.2, 21.8)",
        "(-78.8, 18.0, 41.4)",
        "(-54.6, 18.0, 83.4)",
        "(-21.0, 17.9, 79.2)",
        "(6.7, 18.0, 64.3)",
        "(43.3, 17.5, 37.3)",
        "(69.0, 18.0, 60.4)",
        "(100.4, 12.8, 57.6)"
      ],
      "If the NPC ends up below ocean sea level, should the NPC return to it's place of appearance? [true/false]": false,
      "Type of navigation grid (0 - used mainly on the island, 1 - used mainly under water or under land, as well as outside the map, can be used on some monuments)": 0,
      "The path to the crate that appears at the place of death (empty - not used)": "",
      "Which loot table should the plugin use? (0 - default; 1 - own; 2 - AlphaLoot; 3 - CustomLoot; 4 - loot table of the Rust objects; 5 - combine the 1 and 4 methods)": 4,
      "Loot table from prefabs (if the loot table type is 4 or 5)": {
        "Minimum numbers of prefabs": 1,
        "Maximum numbers of prefabs": 1,
        "Use minimum and maximum values? [true/false]": true,
        "List of prefabs": [
          {
            "Chance [0.0-100.0]": 100.0,
            "The path to the prefab": "assets/rust.ai/agents/npcplayer/humannpc/scientist/scientistnpc_oilrig.prefab"
          }
        ]
      },
      "Own loot table (if the loot table type is 1 or 5)": {
        "Minimum numbers of items": 1,
        "Maximum numbers of items": 1,
        "Use minimum and maximum values? [true/false]": true,
        "List of items": [
          {
            "ShortName": "scrap",
            "Minimum": 100,
            "Maximum": 200,
            "Chance [0.0-100.0]": 50.0,
            "Is this a blueprint? [true/false]": false,
            "SkinID (0 - default)": 0,
            "Name (empty - default)": ""
          }
        ]
      }
    }
  ]
}